{
  "seed": 98,
  "test_auc_overall": 0.9213573823563417,
  "test_aupr_overall": 0.9180266687638131,
  "chemical-connects-disease_auc": 0.8967071146618966,
  "chemical-connects-disease_aupr": 0.9059512278209975,
  "genetic-connects-disease_auc": 0.9458704281805219,
  "genetic-connects-disease_aupr": 0.9333569082601378,
  "protein-connects-disease_auc": 0.7721123829344433,
  "protein-connects-disease_aupr": 0.8061114917818502
}