{
  "seed": 72,
  "test_auc_overall": 0.9280187964156209,
  "test_aupr_overall": 0.9205555614554151,
  "biomarker-connects-disease_auc": 0.9280187964156209,
  "biomarker-connects-disease_aupr": 0.9205555614554151
}