{
  "Dimentions": 128,
  "test_auc_overall": 0.8970581279037705,
  "test_aupr_overall": 0.9052519630950328,
  "biomarker-connects-disease_auc": 0.8970581279037705,
  "biomarker-connects-disease_aupr": 0.9052519630950328
}