{
  "Dimentions": 64,
  "test_auc_overall": 0.8966404810553313,
  "test_aupr_overall": 0.897996585714802,
  "biomarker-connects-disease_auc": 0.8966404810553313,
  "biomarker-connects-disease_aupr": 0.897996585714802
}