{
  "seed": 98,
  "test_auc_overall": 0.9208859189557443,
  "test_aupr_overall": 0.9144535458433163,
  "biomarker-connects-disease_auc": 0.9208859189557443,
  "biomarker-connects-disease_aupr": 0.9144535458433163
}