{
  "Dimentions": 32,
  "test_auc_overall": 0.9117703726863577,
  "test_aupr_overall": 0.9244315171848735,
  "biomarker-connects-disease_auc": 0.9117703726863577,
  "biomarker-connects-disease_aupr": 0.9244315171848735
}