{
  "seed": 13,
  "test_auc_overall": 0.9115765476296234,
  "test_aupr_overall": 0.9015774783371165,
  "biomarker-connects-disease_auc": 0.9115765476296234,
  "biomarker-connects-disease_aupr": 0.9015774783371165
}