{
  "Dimentions": 96,
  "test_auc_overall": 0.9036412575092788,
  "test_aupr_overall": 0.9089512869131262,
  "biomarker-connects-disease_auc": 0.9036412575092788,
  "biomarker-connects-disease_aupr": 0.9089512869131262
}