{
  "Dimentions": 16,
  "test_auc_overall": 0.9225876568050477,
  "test_aupr_overall": 0.932532113106234,
  "biomarker-connects-disease_auc": 0.9225876568050477,
  "biomarker-connects-disease_aupr": 0.932532113106234
}