{
  "seed": 30,
  "test_auc_overall": 0.9047580590266522,
  "test_aupr_overall": 0.8942843640209395,
  "biomarker-connects-disease_auc": 0.9047580590266522,
  "biomarker-connects-disease_aupr": 0.8942843640209395
}