{
  "seed": 92,
  "test_auc_overall": 0.9030701658242583,
  "test_aupr_overall": 0.9023910213496797,
  "biomarker-connects-disease_auc": 0.9030701658242583,
  "biomarker-connects-disease_aupr": 0.9023910213496797
}