{
  "seed": 92,
  "test_auc_overall": 0.9165560056347712,
  "test_aupr_overall": 0.9031304727911998,
  "biomarker-connects-disease_auc": 0.9165560056347712,
  "biomarker-connects-disease_aupr": 0.9031304727911998
}