{
  "seed": 30,
  "test_auc_overall": 0.9241417184206487,
  "test_aupr_overall": 0.8941250816071954,
  "biomarker-connects-disease_auc": 0.9241417184206487,
  "biomarker-connects-disease_aupr": 0.8941250816071954
}