{
  "seed": 98,
  "test_auc_overall": 0.9142549099463404,
  "test_aupr_overall": 0.9153904137610162,
  "biomarker-connects-disease_auc": 0.9142549099463404,
  "biomarker-connects-disease_aupr": 0.9153904137610162
}