{
  "seed": 84,
  "test_auc_overall": 0.9268753613134467,
  "test_aupr_overall": 0.9266388154736364,
  "chemical-connects-disease_auc": 0.9083685210825501,
  "chemical-connects-disease_aupr": 0.9187475584994118,
  "genetic-connects-disease_auc": 0.9360828483703961,
  "genetic-connects-disease_aupr": 0.9258871472952916,
  "protein-connects-disease_auc": 0.8782518210197711,
  "protein-connects-disease_aupr": 0.9082487504645823
}