{
  "seed": 50,
  "test_auc_overall": 0.9115004020716206,
  "test_aupr_overall": 0.9048966527851141,
  "biomarker-connects-disease_auc": 0.9115004020716206,
  "biomarker-connects-disease_aupr": 0.9048966527851141
}