{
  "seed": 72,
  "test_auc_overall": 0.9365441091455661,
  "test_aupr_overall": 0.9333957051321273,
  "chemical-connects-disease_auc": 0.9131758412810347,
  "chemical-connects-disease_aupr": 0.9248729442724345,
  "genetic-connects-disease_auc": 0.957342531570766,
  "genetic-connects-disease_aupr": 0.9418796775853003,
  "protein-connects-disease_auc": 0.7939646201873048,
  "protein-connects-disease_aupr": 0.803451303212791
}