{
  "seed": 30,
  "test_auc_overall": 0.9500069372181754,
  "test_aupr_overall": 0.9437927791094338,
  "chemical-connects-disease_auc": 0.9393194072978388,
  "chemical-connects-disease_aupr": 0.9360178090679243,
  "genetic-connects-disease_auc": 0.9586336249534306,
  "genetic-connects-disease_aupr": 0.9500711681837001,
  "protein-connects-disease_auc": 0.931321540062435,
  "protein-connects-disease_aupr": 0.9384973757781317
}