{
  "seed": 98,
  "test_auc_overall": 0.9081274999682727,
  "test_aupr_overall": 0.9008459563868252,
  "biomarker-connects-disease_auc": 0.9081274999682727,
  "biomarker-connects-disease_aupr": 0.9008459563868252
}