{
  "seed": 92,
  "test_auc_overall": 0.9301376042530756,
  "test_aupr_overall": 0.9210130083085503,
  "biomarker-connects-disease_auc": 0.9301376042530756,
  "biomarker-connects-disease_aupr": 0.9210130083085503
}