{
  "seed": 98,
  "test_auc_overall": 0.8905949852381452,
  "test_aupr_overall": 0.8896251229026324,
  "biomarker-connects-disease_auc": 0.8905949852381452,
  "biomarker-connects-disease_aupr": 0.8896251229026324
}