{
  "seed": 81,
  "test_auc_overall": 0.9086080245880929,
  "test_aupr_overall": 0.8898419241587785,
  "biomarker-connects-disease_auc": 0.9086080245880929,
  "biomarker-connects-disease_aupr": 0.8898419241587785
}