{
  "seed": 84,
  "test_auc_overall": 0.9234996729202167,
  "test_aupr_overall": 0.9126430907773386,
  "biomarker-connects-disease_auc": 0.9234996729202167,
  "biomarker-connects-disease_aupr": 0.9126430907773386
}