{
  "seed": 50,
  "test_auc_overall": 0.8950581532856232,
  "test_aupr_overall": 0.8773376529214728,
  "biomarker-connects-disease_auc": 0.8950581532856232,
  "biomarker-connects-disease_aupr": 0.8773376529214728
}