{
  "seed": 13,
  "test_auc_overall": 0.9228922390370586,
  "test_aupr_overall": 0.9143593391571045,
  "biomarker-connects-disease_auc": 0.9228922390370586,
  "biomarker-connects-disease_aupr": 0.9143593391571045
}