{
  "seed": 98,
  "test_auc_overall": 0.9379038039079662,
  "test_aupr_overall": 0.9323610926813916,
  "chemical-connects-disease_auc": 0.913786431145243,
  "chemical-connects-disease_aupr": 0.9246831122555772,
  "genetic-connects-disease_auc": 0.9568607803085778,
  "genetic-connects-disease_aupr": 0.9359852548159722,
  "protein-connects-disease_auc": 0.8324661810613944,
  "protein-connects-disease_aupr": 0.8338149619207547
}