{
  "seed": 69,
  "test_auc_overall": 0.9363607730389347,
  "test_aupr_overall": 0.9281229037954632,
  "biomarker-connects-disease_auc": 0.9363607730389347,
  "biomarker-connects-disease_aupr": 0.9281229037954632
}