{
  "seed": 81,
  "test_auc_overall": 0.9120841846829749,
  "test_aupr_overall": 0.9201889933343204,
  "biomarker-connects-disease_auc": 0.9120841846829749,
  "biomarker-connects-disease_aupr": 0.9201889933343204
}