{
  "seed": 81,
  "test_auc_overall": 0.9214466271555828,
  "test_aupr_overall": 0.9251013538476316,
  "biomarker-connects-disease_auc": 0.9214466271555828,
  "biomarker-connects-disease_aupr": 0.9251013538476316
}