{
  "seed": 72,
  "test_auc_overall": 0.9285766203140197,
  "test_aupr_overall": 0.9143210639521404,
  "biomarker-connects-disease_auc": 0.9285766203140197,
  "biomarker-connects-disease_aupr": 0.9143210639521404
}