{
  "seed": 92,
  "test_auc_overall": 0.9286900219678574,
  "test_aupr_overall": 0.9255107220593174,
  "chemical-connects-disease_auc": 0.9160481935999862,
  "chemical-connects-disease_aupr": 0.9156660678549233,
  "genetic-connects-disease_auc": 0.9479194768823628,
  "genetic-connects-disease_aupr": 0.9444068400865533,
  "protein-connects-disease_auc": 0.6701352757544223,
  "protein-connects-disease_aupr": 0.7152396194968664
}