{
  "seed": 69,
  "test_auc_overall": 0.9010396176108524,
  "test_aupr_overall": 0.8856621381303964,
  "biomarker-connects-disease_auc": 0.9010396176108524,
  "biomarker-connects-disease_aupr": 0.8856621381303964
}